,ROUGE F1 Score Range,count,ratio
0,"(0, 0.2)",1579,0.23705149376970425
1,"(0.2, 0.4)",515,0.07731571836060652
2,"(0.4, 0.6)",455,0.0683080618525747
3,"(0.6, 0.8)",199,0.029875394084972227
4,"(0.8, 1.0)",3913,0.5874493319321423
