{"1.0": 3775, "0.9879518072289156": 1, "0.975609756097561": 1, "0.9743589743589745": 1, "0.972972972972973": 2, "0.9696969696969696": 1, "0.967741935483871": 2, "0.9655172413793104": 1, "0.962962962962963": 1, "0.9629629629629628": 1, "0.9565217391304348": 4, "0.9545454545454544": 1, "0.9523809523809524": 1, "0.9473684210526316": 5, "0.9444444444444444": 1, "0.9433962264150944": 1, "0.9411764705882352": 3, "0.9375": 1, "0.9333333333333332": 7, "0.923076923076923": 5, "0.9166666666666666": 5, "0.9090909090909092": 8, "0.9032258064516128": 2, "0.9": 3, "0.8979591836734693": 2, "0.888888888888889": 7, "0.8888888888888888": 2, "0.8837209302325582": 1, "0.8750000000000001": 2, "0.875": 1, "0.8749999999999999": 1, "0.8648648648648648": 1, "0.8571428571428572": 2, "0.8571428571428571": 13, "0.8461538461538461": 2, "0.8421052631578948": 1, "0.8387096774193548": 3, "0.8333333333333334": 2, "0.8292682926829269": 1, "0.8275862068965517": 4, "0.823529411764706": 1, "0.8181818181818182": 1, "0.8181818181818181": 1, "0.8148148148148148": 2, "0.8000000000000002": 2, "0.8": 28, "0.7857142857142858": 1, "0.782608695652174": 8, "0.7755102040816326": 1, "0.7741935483870968": 1, "0.7727272727272727": 1, "0.7692307692307693": 1, "0.7692307692307692": 6, "0.761904761904762": 5, "0.7586206896551724": 1, "0.7555555555555555": 1, "0.75": 3, "0.7499999999999999": 1, "0.7368421052631579": 3, "0.7368421052631577": 1, "0.7333333333333334": 1, "0.7272727272727273": 1, "0.7272727272727272": 2, "0.7199999999999999": 1, "0.7142857142857143": 3, "0.7096774193548387": 1, "0.7058823529411764": 12, "0.7027027027027027": 1, "0.7000000000000001": 1, "0.6956521739130435": 2, "0.6923076923076924": 2, "0.689655172413793": 1, "0.6666666666666667": 2, "0.6666666666666666": 61, "0.6666666666666665": 2, "0.65": 1, "0.6470588235294118": 1, "0.6451612903225806": 2, "0.6363636363636364": 1, "0.634920634920635": 1, "0.631578947368421": 2, "0.6285714285714287": 1, "0.6250000000000001": 2, "0.625": 2, "0.6206896551724139": 1, "0.6206896551724138": 1, "0.6153846153846153": 11, "0.6086956521739131": 1, "0.6027397260273972": 1, "0.6": 16, "0.5945945945945946": 1, "0.5925925925925926": 2, "0.588235294117647": 1, "0.5833333333333334": 1, "0.5806451612903226": 1, "0.5789473684210527": 1, "0.5757575757575757": 1, "0.5714285714285715": 20, "0.5714285714285714": 2, "0.56": 1, "0.5555555555555556": 2, "0.5555555555555555": 1, "0.5517241379310344": 1, "0.5499999999999999": 1, "0.5454545454545455": 1, "0.5454545454545454": 10, "0.5416666666666667": 1, "0.5384615384615384": 2, "0.5333333333333333": 4, "0.5263157894736842": 3, "0.5238095238095237": 1, "0.5217391304347826": 2, "0.5185185185185185": 2, "0.5142857142857143": 1, "0.5074626865671642": 1, "0.5": 224, "0.4999999999999999": 1, "0.4878048780487805": 1, "0.4848484848484849": 1, "0.4827586206896552": 4, "0.4827586206896551": 1, "0.4761904761904762": 1, "0.4761904761904761": 5, "0.4736842105263158": 1, "0.4705882352941177": 1, "0.4705882352941176": 3, "0.4666666666666667": 2, "0.4615384615384615": 6, "0.4583333333333333": 1, "0.4571428571428572": 2, "0.4571428571428571": 2, "0.4545454545454546": 1, "0.4545454545454545": 2, "0.4516129032258064": 2, "0.4444444444444445": 14, "0.4375": 1, "0.4347826086956522": 2, "0.4347826086956521": 2, "0.4285714285714285": 9, "0.425531914893617": 1, "0.4242424242424242": 1, "0.4210526315789474": 3, "0.4166666666666666": 2, "0.4158415841584159": 1, "0.4137931034482758": 2, "0.4117647058823529": 2, "0.4000000000000001": 7, "0.4": 67, "0.3999999999999999": 5, "0.3902439024390243": 1, "0.3888888888888888": 1, "0.3870967741935484": 2, "0.3846153846153846": 6, "0.3829787234042553": 1, "0.380952380952381": 6, "0.3809523809523809": 1, "0.3773584905660377": 1, "0.375": 5, "0.3749999999999999": 3, "0.3703703703703704": 2, "0.3703703703703703": 2, "0.3684210526315789": 2, "0.3684210526315788": 1, "0.3673469387755102": 1, "0.3636363636363637": 2, "0.3636363636363636": 17, "0.358974358974359": 1, "0.3571428571428571": 3, "0.3529411764705882": 5, "0.35": 1, "0.3478260869565218": 1, "0.3478260869565217": 7, "0.3448275862068966": 2, "0.3448275862068965": 1, "0.3428571428571428": 1, "0.3404255319148936": 1, "0.3333333333333333": 63, "0.3333333333333332": 2, "0.3265306122448979": 1, "0.3243243243243243": 2, "0.3225806451612903": 4, "0.32": 1, "0.3181818181818182": 2, "0.3174603174603174": 1, "0.3157894736842105": 9, "0.3076923076923077": 4, "0.3076923076923076": 9, "0.3055555555555556": 1, "0.303030303030303": 2, "0.3": 11, "0.2962962962962963": 6, "0.2941176470588235": 2, "0.2926829268292683": 1, "0.2857142857142857": 44, "0.2857142857142856": 1, "0.2790697674418604": 2, "0.2777777777777778": 1, "0.2758620689655172": 3, "0.2727272727272727": 8, "0.2702702702702702": 1, "0.2666666666666667": 1, "0.2666666666666666": 13, "0.2641509433962264": 1, "0.2631578947368421": 2, "0.2608695652173913": 7, "0.2608695652173912": 1, "0.2580645161290323": 6, "0.2564102564102564": 2, "0.25": 44, "0.2499999999999999": 1, "0.2448979591836734": 1, "0.2424242424242424": 2, "0.24": 9, "0.2399999999999999": 1, "0.2352941176470588": 12, "0.2307692307692307": 6, "0.2285714285714285": 2, "0.2222222222222222": 43, "0.2222222222222221": 1, "0.2162162162162162": 1, "0.2133333333333333": 1, "0.2105263157894737": 9, "0.2105263157894736": 3, "0.2068965517241379": 2, "0.2": 14, "0.1999999999999999": 8, "0.1935483870967742": 2, "0.1935483870967741": 1, "0.1904761904761905": 4, "0.1904761904761904": 2, "0.1886792452830188": 1, "0.1875": 2, "0.1846153846153846": 1, "0.1818181818181818": 25, "0.1777777777777777": 1, "0.1764705882352941": 2, "0.1739130434782608": 7, "0.1714285714285714": 2, "0.1702127659574468": 1, "0.1666666666666666": 27, "0.16": 4, "0.1578947368421052": 1, "0.1538461538461538": 19, "0.1481481481481481": 4, "0.1463414634146341": 1, "0.1454545454545454": 1, "0.1428571428571428": 21, "0.1379310344827586": 3, "0.1333333333333333": 18, "0.1290322580645161": 4, "0.125": 19, "0.1212121212121212": 3, "0.12": 1, "0.1176470588235294": 14, "0.1142857142857143": 1, "0.1142857142857142": 1, "0.1111111111111111": 13, "0.1052631578947368": 11, "0.1": 7, "0.0999999999999999": 1, "0.0952380952380952": 9, "0.0909090909090909": 9, "0.0869565217391304": 8, "0.0833333333333333": 13, "0.08": 4, "0.0799999999999999": 2, "0.0769230769230769": 6, "0.074074074074074": 3, "0.0714285714285714": 4, "0.0689655172413793": 1, "0.0666666666666666": 2, "0.0625": 1, "0.0588235294117647": 1, "0.0555555555555555": 1, "0.0444444444444444": 1, "0.0416666666666666": 1, "0.0": 1266}